{"cameraMode":{"drawMode":0,"name":"Shaded","section":"Shading Mode"},"sceneLighting":false,"audioPlay":false,"sceneViewState":{"m_AlwaysRefresh":false,"showFog":true,"showSkybox":false,"showFlares":true,"showImageEffects":true,"showParticleSystems":true,"showVisualEffectGraphs":true,"m_FxEnabled":true},"in2DMode":false,"pivot":{"x":0.0000017881393432617188,"y":1.4133654832839966,"z":-0.07679980993270874},"rotation":{"x":-0.10809261351823807,"y":-0.009844811633229256,"z":0.00107049650978297,"w":-0.9940915107727051},"size":2.2414629459381105,"orthographic":false}